name,model_params,train accuracy,val accuracy,precision,recall,f1 score
decisiontree,crit=gini_maxdepth=None_minsamplessplit=2_minsamplesleaf=1_maxfeatures=None,0.9543057996485061,0.6363636363636364,0.9411764705882353,0.9491525423728814,0.9451476793248945
decisiontree,crit=gini_maxdepth=None_minsamplessplit=2_minsamplesleaf=1_maxfeatures=auto,0.9543057996485061,0.6643356643356644,0.9411764705882353,0.9491525423728814,0.9451476793248945
decisiontree,crit=gini_maxdepth=None_minsamplessplit=2_minsamplesleaf=1_maxfeatures=sqrt,0.9543057996485061,0.6643356643356644,0.9411764705882353,0.9491525423728814,0.9451476793248945
decisiontree,crit=gini_maxdepth=None_minsamplessplit=2_minsamplesleaf=1_maxfeatures=log2,0.9543057996485061,0.6643356643356644,0.9411764705882353,0.9491525423728814,0.9451476793248945
decisiontree,crit=gini_maxdepth=None_minsamplessplit=2_minsamplesleaf=1_maxfeatures=3,0.9543057996485061,0.6503496503496503,0.9411764705882353,0.9491525423728814,0.9451476793248945
decisiontree,crit=gini_maxdepth=None_minsamplessplit=2_minsamplesleaf=10_maxfeatures=None,0.8681898066783831,0.7202797202797203,0.851528384279476,0.826271186440678,0.8387096774193549
decisiontree,crit=gini_maxdepth=None_minsamplessplit=2_minsamplesleaf=10_maxfeatures=auto,0.804920913884007,0.8181818181818182,0.861271676300578,0.6313559322033898,0.7286063569682152
decisiontree,crit=gini_maxdepth=None_minsamplessplit=2_minsamplesleaf=10_maxfeatures=sqrt,0.804920913884007,0.8181818181818182,0.861271676300578,0.6313559322033898,0.7286063569682152
decisiontree,crit=gini_maxdepth=None_minsamplessplit=2_minsamplesleaf=10_maxfeatures=log2,0.804920913884007,0.8181818181818182,0.861271676300578,0.6313559322033898,0.7286063569682152
decisiontree,crit=gini_maxdepth=None_minsamplessplit=2_minsamplesleaf=10_maxfeatures=3,0.8400702987697716,0.7762237762237763,0.8606965174129353,0.7330508474576272,0.7917620137299771
decisiontree,crit=gini_maxdepth=None_minsamplessplit=2_minsamplesleaf=20_maxfeatures=None,0.820738137082601,0.7832167832167832,0.845360824742268,0.6949152542372882,0.7627906976744186
decisiontree,crit=gini_maxdepth=None_minsamplessplit=2_minsamplesleaf=20_maxfeatures=auto,0.7996485061511424,0.7272727272727273,0.805,0.6822033898305084,0.7385321100917431
decisiontree,crit=gini_maxdepth=None_minsamplessplit=2_minsamplesleaf=20_maxfeatures=sqrt,0.7996485061511424,0.7272727272727273,0.805,0.6822033898305084,0.7385321100917431
decisiontree,crit=gini_maxdepth=None_minsamplessplit=2_minsamplesleaf=20_maxfeatures=log2,0.7996485061511424,0.7272727272727273,0.805,0.6822033898305084,0.7385321100917431
decisiontree,crit=gini_maxdepth=None_minsamplessplit=2_minsamplesleaf=20_maxfeatures=3,0.7978910369068541,0.7902097902097902,0.8853503184713376,0.5889830508474576,0.7073791348600509
decisiontree,crit=gini_maxdepth=None_minsamplessplit=10_minsamplesleaf=1_maxfeatures=None,0.9279437609841827,0.6573426573426573,0.9045643153526971,0.923728813559322,0.9140461215932913
decisiontree,crit=gini_maxdepth=None_minsamplessplit=10_minsamplesleaf=1_maxfeatures=auto,0.9156414762741653,0.6783216783216783,0.9017094017094017,0.8940677966101694,0.8978723404255319
decisiontree,crit=gini_maxdepth=None_minsamplessplit=10_minsamplesleaf=1_maxfeatures=sqrt,0.9156414762741653,0.6783216783216783,0.9017094017094017,0.8940677966101694,0.8978723404255319
decisiontree,crit=gini_maxdepth=None_minsamplessplit=10_minsamplesleaf=1_maxfeatures=log2,0.9156414762741653,0.6783216783216783,0.9017094017094017,0.8940677966101694,0.8978723404255319
decisiontree,crit=gini_maxdepth=None_minsamplessplit=10_minsamplesleaf=1_maxfeatures=3,0.9173989455184535,0.6853146853146853,0.8987341772151899,0.902542372881356,0.9006342494714589
decisiontree,crit=gini_maxdepth=None_minsamplessplit=10_minsamplesleaf=10_maxfeatures=None,0.8681898066783831,0.7202797202797203,0.851528384279476,0.826271186440678,0.8387096774193549
decisiontree,crit=gini_maxdepth=None_minsamplessplit=10_minsamplesleaf=10_maxfeatures=auto,0.804920913884007,0.8181818181818182,0.861271676300578,0.6313559322033898,0.7286063569682152
decisiontree,crit=gini_maxdepth=None_minsamplessplit=10_minsamplesleaf=10_maxfeatures=sqrt,0.804920913884007,0.8181818181818182,0.861271676300578,0.6313559322033898,0.7286063569682152
decisiontree,crit=gini_maxdepth=None_minsamplessplit=10_minsamplesleaf=10_maxfeatures=log2,0.804920913884007,0.8181818181818182,0.861271676300578,0.6313559322033898,0.7286063569682152
decisiontree,crit=gini_maxdepth=None_minsamplessplit=10_minsamplesleaf=10_maxfeatures=3,0.8400702987697716,0.7762237762237763,0.8606965174129353,0.7330508474576272,0.7917620137299771
decisiontree,crit=gini_maxdepth=None_minsamplessplit=10_minsamplesleaf=20_maxfeatures=None,0.820738137082601,0.7832167832167832,0.845360824742268,0.6949152542372882,0.7627906976744186
decisiontree,crit=gini_maxdepth=None_minsamplessplit=10_minsamplesleaf=20_maxfeatures=auto,0.7996485061511424,0.7272727272727273,0.805,0.6822033898305084,0.7385321100917431
decisiontree,crit=gini_maxdepth=None_minsamplessplit=10_minsamplesleaf=20_maxfeatures=sqrt,0.7996485061511424,0.7272727272727273,0.805,0.6822033898305084,0.7385321100917431
decisiontree,crit=gini_maxdepth=None_minsamplessplit=10_minsamplesleaf=20_maxfeatures=log2,0.7996485061511424,0.7272727272727273,0.805,0.6822033898305084,0.7385321100917431
decisiontree,crit=gini_maxdepth=None_minsamplessplit=10_minsamplesleaf=20_maxfeatures=3,0.7978910369068541,0.7902097902097902,0.8853503184713376,0.5889830508474576,0.7073791348600509
decisiontree,crit=gini_maxdepth=None_minsamplessplit=15_minsamplesleaf=1_maxfeatures=None,0.9050966608084359,0.6993006993006993,0.8582677165354331,0.923728813559322,0.889795918367347
decisiontree,crit=gini_maxdepth=None_minsamplessplit=15_minsamplesleaf=1_maxfeatures=auto,0.8998242530755711,0.6923076923076923,0.8683127572016461,0.8940677966101694,0.8810020876826722
decisiontree,crit=gini_maxdepth=None_minsamplessplit=15_minsamplesleaf=1_maxfeatures=sqrt,0.8998242530755711,0.6923076923076923,0.8683127572016461,0.8940677966101694,0.8810020876826722
decisiontree,crit=gini_maxdepth=None_minsamplessplit=15_minsamplesleaf=1_maxfeatures=log2,0.8998242530755711,0.6923076923076923,0.8683127572016461,0.8940677966101694,0.8810020876826722
decisiontree,crit=gini_maxdepth=None_minsamplessplit=15_minsamplesleaf=1_maxfeatures=3,0.9191564147627417,0.7132867132867133,0.8861788617886179,0.923728813559322,0.9045643153526971
decisiontree,crit=gini_maxdepth=None_minsamplessplit=15_minsamplesleaf=10_maxfeatures=None,0.8681898066783831,0.7202797202797203,0.851528384279476,0.826271186440678,0.8387096774193549
decisiontree,crit=gini_maxdepth=None_minsamplessplit=15_minsamplesleaf=10_maxfeatures=auto,0.804920913884007,0.8181818181818182,0.861271676300578,0.6313559322033898,0.7286063569682152
decisiontree,crit=gini_maxdepth=None_minsamplessplit=15_minsamplesleaf=10_maxfeatures=sqrt,0.804920913884007,0.8181818181818182,0.861271676300578,0.6313559322033898,0.7286063569682152
decisiontree,crit=gini_maxdepth=None_minsamplessplit=15_minsamplesleaf=10_maxfeatures=log2,0.804920913884007,0.8181818181818182,0.861271676300578,0.6313559322033898,0.7286063569682152
decisiontree,crit=gini_maxdepth=None_minsamplessplit=15_minsamplesleaf=10_maxfeatures=3,0.8400702987697716,0.7762237762237763,0.8606965174129353,0.7330508474576272,0.7917620137299771
decisiontree,crit=gini_maxdepth=None_minsamplessplit=15_minsamplesleaf=20_maxfeatures=None,0.820738137082601,0.7832167832167832,0.845360824742268,0.6949152542372882,0.7627906976744186
decisiontree,crit=gini_maxdepth=None_minsamplessplit=15_minsamplesleaf=20_maxfeatures=auto,0.7996485061511424,0.7272727272727273,0.805,0.6822033898305084,0.7385321100917431
decisiontree,crit=gini_maxdepth=None_minsamplessplit=15_minsamplesleaf=20_maxfeatures=sqrt,0.7996485061511424,0.7272727272727273,0.805,0.6822033898305084,0.7385321100917431
decisiontree,crit=gini_maxdepth=None_minsamplessplit=15_minsamplesleaf=20_maxfeatures=log2,0.7996485061511424,0.7272727272727273,0.805,0.6822033898305084,0.7385321100917431
decisiontree,crit=gini_maxdepth=None_minsamplessplit=15_minsamplesleaf=20_maxfeatures=3,0.7978910369068541,0.7902097902097902,0.8853503184713376,0.5889830508474576,0.7073791348600509
decisiontree,crit=gini_maxdepth=2_minsamplessplit=2_minsamplesleaf=1_maxfeatures=None,0.7750439367311072,0.7692307692307693,0.7872340425531915,0.6271186440677966,0.6981132075471698
decisiontree,crit=gini_maxdepth=2_minsamplessplit=2_minsamplesleaf=1_maxfeatures=auto,0.7750439367311072,0.7692307692307693,0.7872340425531915,0.6271186440677966,0.6981132075471698
decisiontree,crit=gini_maxdepth=2_minsamplessplit=2_minsamplesleaf=1_maxfeatures=sqrt,0.7750439367311072,0.7692307692307693,0.7872340425531915,0.6271186440677966,0.6981132075471698
decisiontree,crit=gini_maxdepth=2_minsamplessplit=2_minsamplesleaf=1_maxfeatures=log2,0.7750439367311072,0.7692307692307693,0.7872340425531915,0.6271186440677966,0.6981132075471698
decisiontree,crit=gini_maxdepth=2_minsamplessplit=2_minsamplesleaf=1_maxfeatures=3,0.7750439367311072,0.7692307692307693,0.7872340425531915,0.6271186440677966,0.6981132075471698
decisiontree,crit=gini_maxdepth=2_minsamplessplit=2_minsamplesleaf=10_maxfeatures=None,0.7750439367311072,0.7692307692307693,0.7872340425531915,0.6271186440677966,0.6981132075471698
decisiontree,crit=gini_maxdepth=2_minsamplessplit=2_minsamplesleaf=10_maxfeatures=auto,0.7750439367311072,0.7692307692307693,0.7872340425531915,0.6271186440677966,0.6981132075471698
decisiontree,crit=gini_maxdepth=2_minsamplessplit=2_minsamplesleaf=10_maxfeatures=sqrt,0.7750439367311072,0.7692307692307693,0.7872340425531915,0.6271186440677966,0.6981132075471698
decisiontree,crit=gini_maxdepth=2_minsamplessplit=2_minsamplesleaf=10_maxfeatures=log2,0.7750439367311072,0.7692307692307693,0.7872340425531915,0.6271186440677966,0.6981132075471698
decisiontree,crit=gini_maxdepth=2_minsamplessplit=2_minsamplesleaf=10_maxfeatures=3,0.7750439367311072,0.7692307692307693,0.7872340425531915,0.6271186440677966,0.6981132075471698
decisiontree,crit=gini_maxdepth=2_minsamplessplit=2_minsamplesleaf=20_maxfeatures=None,0.7750439367311072,0.7692307692307693,0.7872340425531915,0.6271186440677966,0.6981132075471698
decisiontree,crit=gini_maxdepth=2_minsamplessplit=2_minsamplesleaf=20_maxfeatures=auto,0.7750439367311072,0.7692307692307693,0.7872340425531915,0.6271186440677966,0.6981132075471698
decisiontree,crit=gini_maxdepth=2_minsamplessplit=2_minsamplesleaf=20_maxfeatures=sqrt,0.7750439367311072,0.7692307692307693,0.7872340425531915,0.6271186440677966,0.6981132075471698
decisiontree,crit=gini_maxdepth=2_minsamplessplit=2_minsamplesleaf=20_maxfeatures=log2,0.7750439367311072,0.7692307692307693,0.7872340425531915,0.6271186440677966,0.6981132075471698
decisiontree,crit=gini_maxdepth=2_minsamplessplit=2_minsamplesleaf=20_maxfeatures=3,0.7750439367311072,0.7692307692307693,0.7872340425531915,0.6271186440677966,0.6981132075471698
decisiontree,crit=gini_maxdepth=2_minsamplessplit=10_minsamplesleaf=1_maxfeatures=None,0.7750439367311072,0.7692307692307693,0.7872340425531915,0.6271186440677966,0.6981132075471698
decisiontree,crit=gini_maxdepth=2_minsamplessplit=10_minsamplesleaf=1_maxfeatures=auto,0.7750439367311072,0.7692307692307693,0.7872340425531915,0.6271186440677966,0.6981132075471698
decisiontree,crit=gini_maxdepth=2_minsamplessplit=10_minsamplesleaf=1_maxfeatures=sqrt,0.7750439367311072,0.7692307692307693,0.7872340425531915,0.6271186440677966,0.6981132075471698
decisiontree,crit=gini_maxdepth=2_minsamplessplit=10_minsamplesleaf=1_maxfeatures=log2,0.7750439367311072,0.7692307692307693,0.7872340425531915,0.6271186440677966,0.6981132075471698
decisiontree,crit=gini_maxdepth=2_minsamplessplit=10_minsamplesleaf=1_maxfeatures=3,0.7750439367311072,0.7692307692307693,0.7872340425531915,0.6271186440677966,0.6981132075471698
decisiontree,crit=gini_maxdepth=2_minsamplessplit=10_minsamplesleaf=10_maxfeatures=None,0.7750439367311072,0.7692307692307693,0.7872340425531915,0.6271186440677966,0.6981132075471698
decisiontree,crit=gini_maxdepth=2_minsamplessplit=10_minsamplesleaf=10_maxfeatures=auto,0.7750439367311072,0.7692307692307693,0.7872340425531915,0.6271186440677966,0.6981132075471698
decisiontree,crit=gini_maxdepth=2_minsamplessplit=10_minsamplesleaf=10_maxfeatures=sqrt,0.7750439367311072,0.7692307692307693,0.7872340425531915,0.6271186440677966,0.6981132075471698
decisiontree,crit=gini_maxdepth=2_minsamplessplit=10_minsamplesleaf=10_maxfeatures=log2,0.7750439367311072,0.7692307692307693,0.7872340425531915,0.6271186440677966,0.6981132075471698
decisiontree,crit=gini_maxdepth=2_minsamplessplit=10_minsamplesleaf=10_maxfeatures=3,0.7750439367311072,0.7692307692307693,0.7872340425531915,0.6271186440677966,0.6981132075471698
decisiontree,crit=gini_maxdepth=2_minsamplessplit=10_minsamplesleaf=20_maxfeatures=None,0.7750439367311072,0.7692307692307693,0.7872340425531915,0.6271186440677966,0.6981132075471698
decisiontree,crit=gini_maxdepth=2_minsamplessplit=10_minsamplesleaf=20_maxfeatures=auto,0.7750439367311072,0.7692307692307693,0.7872340425531915,0.6271186440677966,0.6981132075471698
decisiontree,crit=gini_maxdepth=2_minsamplessplit=10_minsamplesleaf=20_maxfeatures=sqrt,0.7750439367311072,0.7692307692307693,0.7872340425531915,0.6271186440677966,0.6981132075471698
decisiontree,crit=gini_maxdepth=2_minsamplessplit=10_minsamplesleaf=20_maxfeatures=log2,0.7750439367311072,0.7692307692307693,0.7872340425531915,0.6271186440677966,0.6981132075471698
decisiontree,crit=gini_maxdepth=2_minsamplessplit=10_minsamplesleaf=20_maxfeatures=3,0.7750439367311072,0.7692307692307693,0.7872340425531915,0.6271186440677966,0.6981132075471698
decisiontree,crit=gini_maxdepth=2_minsamplessplit=15_minsamplesleaf=1_maxfeatures=None,0.7750439367311072,0.7692307692307693,0.7872340425531915,0.6271186440677966,0.6981132075471698
decisiontree,crit=gini_maxdepth=2_minsamplessplit=15_minsamplesleaf=1_maxfeatures=auto,0.7750439367311072,0.7692307692307693,0.7872340425531915,0.6271186440677966,0.6981132075471698
decisiontree,crit=gini_maxdepth=2_minsamplessplit=15_minsamplesleaf=1_maxfeatures=sqrt,0.7750439367311072,0.7692307692307693,0.7872340425531915,0.6271186440677966,0.6981132075471698
decisiontree,crit=gini_maxdepth=2_minsamplessplit=15_minsamplesleaf=1_maxfeatures=log2,0.7750439367311072,0.7692307692307693,0.7872340425531915,0.6271186440677966,0.6981132075471698
decisiontree,crit=gini_maxdepth=2_minsamplessplit=15_minsamplesleaf=1_maxfeatures=3,0.7750439367311072,0.7692307692307693,0.7872340425531915,0.6271186440677966,0.6981132075471698
decisiontree,crit=gini_maxdepth=2_minsamplessplit=15_minsamplesleaf=10_maxfeatures=None,0.7750439367311072,0.7692307692307693,0.7872340425531915,0.6271186440677966,0.6981132075471698
decisiontree,crit=gini_maxdepth=2_minsamplessplit=15_minsamplesleaf=10_maxfeatures=auto,0.7750439367311072,0.7692307692307693,0.7872340425531915,0.6271186440677966,0.6981132075471698
decisiontree,crit=gini_maxdepth=2_minsamplessplit=15_minsamplesleaf=10_maxfeatures=sqrt,0.7750439367311072,0.7692307692307693,0.7872340425531915,0.6271186440677966,0.6981132075471698
decisiontree,crit=gini_maxdepth=2_minsamplessplit=15_minsamplesleaf=10_maxfeatures=log2,0.7750439367311072,0.7692307692307693,0.7872340425531915,0.6271186440677966,0.6981132075471698
decisiontree,crit=gini_maxdepth=2_minsamplessplit=15_minsamplesleaf=10_maxfeatures=3,0.7750439367311072,0.7692307692307693,0.7872340425531915,0.6271186440677966,0.6981132075471698
decisiontree,crit=gini_maxdepth=2_minsamplessplit=15_minsamplesleaf=20_maxfeatures=None,0.7750439367311072,0.7692307692307693,0.7872340425531915,0.6271186440677966,0.6981132075471698
decisiontree,crit=gini_maxdepth=2_minsamplessplit=15_minsamplesleaf=20_maxfeatures=auto,0.7750439367311072,0.7692307692307693,0.7872340425531915,0.6271186440677966,0.6981132075471698
decisiontree,crit=gini_maxdepth=2_minsamplessplit=15_minsamplesleaf=20_maxfeatures=sqrt,0.7750439367311072,0.7692307692307693,0.7872340425531915,0.6271186440677966,0.6981132075471698
decisiontree,crit=gini_maxdepth=2_minsamplessplit=15_minsamplesleaf=20_maxfeatures=log2,0.7750439367311072,0.7692307692307693,0.7872340425531915,0.6271186440677966,0.6981132075471698
decisiontree,crit=gini_maxdepth=2_minsamplessplit=15_minsamplesleaf=20_maxfeatures=3,0.7750439367311072,0.7692307692307693,0.7872340425531915,0.6271186440677966,0.6981132075471698
decisiontree,crit=gini_maxdepth=3_minsamplessplit=2_minsamplesleaf=1_maxfeatures=None,0.7978910369068541,0.7692307692307693,0.8457142857142858,0.6271186440677966,0.7201946472019465
decisiontree,crit=gini_maxdepth=3_minsamplessplit=2_minsamplesleaf=1_maxfeatures=auto,0.7750439367311072,0.7692307692307693,0.7872340425531915,0.6271186440677966,0.6981132075471698
decisiontree,crit=gini_maxdepth=3_minsamplessplit=2_minsamplesleaf=1_maxfeatures=sqrt,0.7750439367311072,0.7692307692307693,0.7872340425531915,0.6271186440677966,0.6981132075471698
decisiontree,crit=gini_maxdepth=3_minsamplessplit=2_minsamplesleaf=1_maxfeatures=log2,0.7750439367311072,0.7692307692307693,0.7872340425531915,0.6271186440677966,0.6981132075471698
decisiontree,crit=gini_maxdepth=3_minsamplessplit=2_minsamplesleaf=1_maxfeatures=3,0.8172231985940246,0.7972027972027972,0.8084112149532711,0.7330508474576272,0.768888888888889
decisiontree,crit=gini_maxdepth=3_minsamplessplit=2_minsamplesleaf=10_maxfeatures=None,0.7943760984182777,0.7902097902097902,0.8361581920903954,0.6271186440677966,0.7167070217917675
decisiontree,crit=gini_maxdepth=3_minsamplessplit=2_minsamplesleaf=10_maxfeatures=auto,0.7750439367311072,0.7692307692307693,0.7872340425531915,0.6271186440677966,0.6981132075471698
decisiontree,crit=gini_maxdepth=3_minsamplessplit=2_minsamplesleaf=10_maxfeatures=sqrt,0.7750439367311072,0.7692307692307693,0.7872340425531915,0.6271186440677966,0.6981132075471698
decisiontree,crit=gini_maxdepth=3_minsamplessplit=2_minsamplesleaf=10_maxfeatures=log2,0.7750439367311072,0.7692307692307693,0.7872340425531915,0.6271186440677966,0.6981132075471698
decisiontree,crit=gini_maxdepth=3_minsamplessplit=2_minsamplesleaf=10_maxfeatures=3,0.8172231985940246,0.7972027972027972,0.8084112149532711,0.7330508474576272,0.768888888888889
decisiontree,crit=gini_maxdepth=3_minsamplessplit=2_minsamplesleaf=20_maxfeatures=None,0.7978910369068541,0.7902097902097902,0.8853503184713376,0.5889830508474576,0.7073791348600509
decisiontree,crit=gini_maxdepth=3_minsamplessplit=2_minsamplesleaf=20_maxfeatures=auto,0.7750439367311072,0.7692307692307693,0.7872340425531915,0.6271186440677966,0.6981132075471698
decisiontree,crit=gini_maxdepth=3_minsamplessplit=2_minsamplesleaf=20_maxfeatures=sqrt,0.7750439367311072,0.7692307692307693,0.7872340425531915,0.6271186440677966,0.6981132075471698
decisiontree,crit=gini_maxdepth=3_minsamplessplit=2_minsamplesleaf=20_maxfeatures=log2,0.7750439367311072,0.7692307692307693,0.7872340425531915,0.6271186440677966,0.6981132075471698
decisiontree,crit=gini_maxdepth=3_minsamplessplit=2_minsamplesleaf=20_maxfeatures=3,0.8172231985940246,0.7972027972027972,0.8084112149532711,0.7330508474576272,0.768888888888889
decisiontree,crit=gini_maxdepth=3_minsamplessplit=10_minsamplesleaf=1_maxfeatures=None,0.7978910369068541,0.7692307692307693,0.8457142857142858,0.6271186440677966,0.7201946472019465
decisiontree,crit=gini_maxdepth=3_minsamplessplit=10_minsamplesleaf=1_maxfeatures=auto,0.7750439367311072,0.7692307692307693,0.7872340425531915,0.6271186440677966,0.6981132075471698
decisiontree,crit=gini_maxdepth=3_minsamplessplit=10_minsamplesleaf=1_maxfeatures=sqrt,0.7750439367311072,0.7692307692307693,0.7872340425531915,0.6271186440677966,0.6981132075471698
decisiontree,crit=gini_maxdepth=3_minsamplessplit=10_minsamplesleaf=1_maxfeatures=log2,0.7750439367311072,0.7692307692307693,0.7872340425531915,0.6271186440677966,0.6981132075471698
decisiontree,crit=gini_maxdepth=3_minsamplessplit=10_minsamplesleaf=1_maxfeatures=3,0.8172231985940246,0.7972027972027972,0.8084112149532711,0.7330508474576272,0.768888888888889
decisiontree,crit=gini_maxdepth=3_minsamplessplit=10_minsamplesleaf=10_maxfeatures=None,0.7943760984182777,0.7902097902097902,0.8361581920903954,0.6271186440677966,0.7167070217917675
decisiontree,crit=gini_maxdepth=3_minsamplessplit=10_minsamplesleaf=10_maxfeatures=auto,0.7750439367311072,0.7692307692307693,0.7872340425531915,0.6271186440677966,0.6981132075471698
decisiontree,crit=gini_maxdepth=3_minsamplessplit=10_minsamplesleaf=10_maxfeatures=sqrt,0.7750439367311072,0.7692307692307693,0.7872340425531915,0.6271186440677966,0.6981132075471698
decisiontree,crit=gini_maxdepth=3_minsamplessplit=10_minsamplesleaf=10_maxfeatures=log2,0.7750439367311072,0.7692307692307693,0.7872340425531915,0.6271186440677966,0.6981132075471698
decisiontree,crit=gini_maxdepth=3_minsamplessplit=10_minsamplesleaf=10_maxfeatures=3,0.8172231985940246,0.7972027972027972,0.8084112149532711,0.7330508474576272,0.768888888888889
decisiontree,crit=gini_maxdepth=3_minsamplessplit=10_minsamplesleaf=20_maxfeatures=None,0.7978910369068541,0.7902097902097902,0.8853503184713376,0.5889830508474576,0.7073791348600509
decisiontree,crit=gini_maxdepth=3_minsamplessplit=10_minsamplesleaf=20_maxfeatures=auto,0.7750439367311072,0.7692307692307693,0.7872340425531915,0.6271186440677966,0.6981132075471698
decisiontree,crit=gini_maxdepth=3_minsamplessplit=10_minsamplesleaf=20_maxfeatures=sqrt,0.7750439367311072,0.7692307692307693,0.7872340425531915,0.6271186440677966,0.6981132075471698
decisiontree,crit=gini_maxdepth=3_minsamplessplit=10_minsamplesleaf=20_maxfeatures=log2,0.7750439367311072,0.7692307692307693,0.7872340425531915,0.6271186440677966,0.6981132075471698
decisiontree,crit=gini_maxdepth=3_minsamplessplit=10_minsamplesleaf=20_maxfeatures=3,0.8172231985940246,0.7972027972027972,0.8084112149532711,0.7330508474576272,0.768888888888889
decisiontree,crit=gini_maxdepth=3_minsamplessplit=15_minsamplesleaf=1_maxfeatures=None,0.7978910369068541,0.7692307692307693,0.8457142857142858,0.6271186440677966,0.7201946472019465
decisiontree,crit=gini_maxdepth=3_minsamplessplit=15_minsamplesleaf=1_maxfeatures=auto,0.7750439367311072,0.7692307692307693,0.7872340425531915,0.6271186440677966,0.6981132075471698
decisiontree,crit=gini_maxdepth=3_minsamplessplit=15_minsamplesleaf=1_maxfeatures=sqrt,0.7750439367311072,0.7692307692307693,0.7872340425531915,0.6271186440677966,0.6981132075471698
decisiontree,crit=gini_maxdepth=3_minsamplessplit=15_minsamplesleaf=1_maxfeatures=log2,0.7750439367311072,0.7692307692307693,0.7872340425531915,0.6271186440677966,0.6981132075471698
decisiontree,crit=gini_maxdepth=3_minsamplessplit=15_minsamplesleaf=1_maxfeatures=3,0.8172231985940246,0.7972027972027972,0.8084112149532711,0.7330508474576272,0.768888888888889
decisiontree,crit=gini_maxdepth=3_minsamplessplit=15_minsamplesleaf=10_maxfeatures=None,0.7943760984182777,0.7902097902097902,0.8361581920903954,0.6271186440677966,0.7167070217917675
decisiontree,crit=gini_maxdepth=3_minsamplessplit=15_minsamplesleaf=10_maxfeatures=auto,0.7750439367311072,0.7692307692307693,0.7872340425531915,0.6271186440677966,0.6981132075471698
decisiontree,crit=gini_maxdepth=3_minsamplessplit=15_minsamplesleaf=10_maxfeatures=sqrt,0.7750439367311072,0.7692307692307693,0.7872340425531915,0.6271186440677966,0.6981132075471698
decisiontree,crit=gini_maxdepth=3_minsamplessplit=15_minsamplesleaf=10_maxfeatures=log2,0.7750439367311072,0.7692307692307693,0.7872340425531915,0.6271186440677966,0.6981132075471698
decisiontree,crit=gini_maxdepth=3_minsamplessplit=15_minsamplesleaf=10_maxfeatures=3,0.8172231985940246,0.7972027972027972,0.8084112149532711,0.7330508474576272,0.768888888888889
decisiontree,crit=gini_maxdepth=3_minsamplessplit=15_minsamplesleaf=20_maxfeatures=None,0.7978910369068541,0.7902097902097902,0.8853503184713376,0.5889830508474576,0.7073791348600509
decisiontree,crit=gini_maxdepth=3_minsamplessplit=15_minsamplesleaf=20_maxfeatures=auto,0.7750439367311072,0.7692307692307693,0.7872340425531915,0.6271186440677966,0.6981132075471698
decisiontree,crit=gini_maxdepth=3_minsamplessplit=15_minsamplesleaf=20_maxfeatures=sqrt,0.7750439367311072,0.7692307692307693,0.7872340425531915,0.6271186440677966,0.6981132075471698
decisiontree,crit=gini_maxdepth=3_minsamplessplit=15_minsamplesleaf=20_maxfeatures=log2,0.7750439367311072,0.7692307692307693,0.7872340425531915,0.6271186440677966,0.6981132075471698
decisiontree,crit=gini_maxdepth=3_minsamplessplit=15_minsamplesleaf=20_maxfeatures=3,0.8172231985940246,0.7972027972027972,0.8084112149532711,0.7330508474576272,0.768888888888889
decisiontree,crit=entropy_maxdepth=None_minsamplessplit=2_minsamplesleaf=1_maxfeatures=None,0.9543057996485061,0.6503496503496503,0.9411764705882353,0.9491525423728814,0.9451476793248945
decisiontree,crit=entropy_maxdepth=None_minsamplessplit=2_minsamplesleaf=1_maxfeatures=auto,0.9543057996485061,0.6433566433566433,0.9411764705882353,0.9491525423728814,0.9451476793248945
decisiontree,crit=entropy_maxdepth=None_minsamplessplit=2_minsamplesleaf=1_maxfeatures=sqrt,0.9543057996485061,0.6433566433566433,0.9411764705882353,0.9491525423728814,0.9451476793248945
decisiontree,crit=entropy_maxdepth=None_minsamplessplit=2_minsamplesleaf=1_maxfeatures=log2,0.9543057996485061,0.6433566433566433,0.9411764705882353,0.9491525423728814,0.9451476793248945
decisiontree,crit=entropy_maxdepth=None_minsamplessplit=2_minsamplesleaf=1_maxfeatures=3,0.9543057996485061,0.6573426573426573,0.9411764705882353,0.9491525423728814,0.9451476793248945
decisiontree,crit=entropy_maxdepth=None_minsamplessplit=2_minsamplesleaf=10_maxfeatures=None,0.8681898066783831,0.7202797202797203,0.851528384279476,0.826271186440678,0.8387096774193549
decisiontree,crit=entropy_maxdepth=None_minsamplessplit=2_minsamplesleaf=10_maxfeatures=auto,0.8066783831282952,0.8181818181818182,0.8662790697674418,0.6313559322033898,0.730392156862745
decisiontree,crit=entropy_maxdepth=None_minsamplessplit=2_minsamplesleaf=10_maxfeatures=sqrt,0.8066783831282952,0.8181818181818182,0.8662790697674418,0.6313559322033898,0.730392156862745
decisiontree,crit=entropy_maxdepth=None_minsamplessplit=2_minsamplesleaf=10_maxfeatures=log2,0.8066783831282952,0.8181818181818182,0.8662790697674418,0.6313559322033898,0.730392156862745
decisiontree,crit=entropy_maxdepth=None_minsamplessplit=2_minsamplesleaf=10_maxfeatures=3,0.8400702987697716,0.7762237762237763,0.8606965174129353,0.7330508474576272,0.7917620137299771
decisiontree,crit=entropy_maxdepth=None_minsamplessplit=2_minsamplesleaf=20_maxfeatures=None,0.820738137082601,0.7832167832167832,0.845360824742268,0.6949152542372882,0.7627906976744186
decisiontree,crit=entropy_maxdepth=None_minsamplessplit=2_minsamplesleaf=20_maxfeatures=auto,0.7996485061511424,0.7272727272727273,0.805,0.6822033898305084,0.7385321100917431
decisiontree,crit=entropy_maxdepth=None_minsamplessplit=2_minsamplesleaf=20_maxfeatures=sqrt,0.7996485061511424,0.7272727272727273,0.805,0.6822033898305084,0.7385321100917431
decisiontree,crit=entropy_maxdepth=None_minsamplessplit=2_minsamplesleaf=20_maxfeatures=log2,0.7996485061511424,0.7272727272727273,0.805,0.6822033898305084,0.7385321100917431
decisiontree,crit=entropy_maxdepth=None_minsamplessplit=2_minsamplesleaf=20_maxfeatures=3,0.7978910369068541,0.7902097902097902,0.8853503184713376,0.5889830508474576,0.7073791348600509
decisiontree,crit=entropy_maxdepth=None_minsamplessplit=10_minsamplesleaf=1_maxfeatures=None,0.9191564147627417,0.6643356643356644,0.8830645161290323,0.9279661016949152,0.9049586776859504
decisiontree,crit=entropy_maxdepth=None_minsamplessplit=10_minsamplesleaf=1_maxfeatures=auto,0.9086115992970123,0.6713286713286714,0.8865546218487395,0.8940677966101694,0.8902953586497889
decisiontree,crit=entropy_maxdepth=None_minsamplessplit=10_minsamplesleaf=1_maxfeatures=sqrt,0.9086115992970123,0.6713286713286714,0.8865546218487395,0.8940677966101694,0.8902953586497889
decisiontree,crit=entropy_maxdepth=None_minsamplessplit=10_minsamplesleaf=1_maxfeatures=log2,0.9086115992970123,0.6713286713286714,0.8865546218487395,0.8940677966101694,0.8902953586497889
decisiontree,crit=entropy_maxdepth=None_minsamplessplit=10_minsamplesleaf=1_maxfeatures=3,0.9121265377855887,0.6993006993006993,0.8875,0.902542372881356,0.8949579831932774
decisiontree,crit=entropy_maxdepth=None_minsamplessplit=10_minsamplesleaf=10_maxfeatures=None,0.8681898066783831,0.7202797202797203,0.851528384279476,0.826271186440678,0.8387096774193549
decisiontree,crit=entropy_maxdepth=None_minsamplessplit=10_minsamplesleaf=10_maxfeatures=auto,0.8066783831282952,0.8181818181818182,0.8662790697674418,0.6313559322033898,0.730392156862745
decisiontree,crit=entropy_maxdepth=None_minsamplessplit=10_minsamplesleaf=10_maxfeatures=sqrt,0.8066783831282952,0.8181818181818182,0.8662790697674418,0.6313559322033898,0.730392156862745
decisiontree,crit=entropy_maxdepth=None_minsamplessplit=10_minsamplesleaf=10_maxfeatures=log2,0.8066783831282952,0.8181818181818182,0.8662790697674418,0.6313559322033898,0.730392156862745
decisiontree,crit=entropy_maxdepth=None_minsamplessplit=10_minsamplesleaf=10_maxfeatures=3,0.8400702987697716,0.7762237762237763,0.8606965174129353,0.7330508474576272,0.7917620137299771
decisiontree,crit=entropy_maxdepth=None_minsamplessplit=10_minsamplesleaf=20_maxfeatures=None,0.820738137082601,0.7832167832167832,0.845360824742268,0.6949152542372882,0.7627906976744186
decisiontree,crit=entropy_maxdepth=None_minsamplessplit=10_minsamplesleaf=20_maxfeatures=auto,0.7996485061511424,0.7272727272727273,0.805,0.6822033898305084,0.7385321100917431
decisiontree,crit=entropy_maxdepth=None_minsamplessplit=10_minsamplesleaf=20_maxfeatures=sqrt,0.7996485061511424,0.7272727272727273,0.805,0.6822033898305084,0.7385321100917431
decisiontree,crit=entropy_maxdepth=None_minsamplessplit=10_minsamplesleaf=20_maxfeatures=log2,0.7996485061511424,0.7272727272727273,0.805,0.6822033898305084,0.7385321100917431
decisiontree,crit=entropy_maxdepth=None_minsamplessplit=10_minsamplesleaf=20_maxfeatures=3,0.7978910369068541,0.7902097902097902,0.8853503184713376,0.5889830508474576,0.7073791348600509
decisiontree,crit=entropy_maxdepth=None_minsamplessplit=15_minsamplesleaf=1_maxfeatures=None,0.9103690685413005,0.6923076923076923,0.8870292887029289,0.8983050847457628,0.8926315789473683
decisiontree,crit=entropy_maxdepth=None_minsamplessplit=15_minsamplesleaf=1_maxfeatures=auto,0.8980667838312829,0.6993006993006993,0.8449612403100775,0.923728813559322,0.8825910931174089
decisiontree,crit=entropy_maxdepth=None_minsamplessplit=15_minsamplesleaf=1_maxfeatures=sqrt,0.8980667838312829,0.6993006993006993,0.8449612403100775,0.923728813559322,0.8825910931174089
decisiontree,crit=entropy_maxdepth=None_minsamplessplit=15_minsamplesleaf=1_maxfeatures=log2,0.8980667838312829,0.6993006993006993,0.8449612403100775,0.923728813559322,0.8825910931174089
decisiontree,crit=entropy_maxdepth=None_minsamplessplit=15_minsamplesleaf=1_maxfeatures=3,0.8998242530755711,0.6783216783216783,0.8713692946058091,0.8898305084745762,0.8805031446540882
decisiontree,crit=entropy_maxdepth=None_minsamplessplit=15_minsamplesleaf=10_maxfeatures=None,0.8681898066783831,0.7202797202797203,0.851528384279476,0.826271186440678,0.8387096774193549
decisiontree,crit=entropy_maxdepth=None_minsamplessplit=15_minsamplesleaf=10_maxfeatures=auto,0.8066783831282952,0.8181818181818182,0.8662790697674418,0.6313559322033898,0.730392156862745
decisiontree,crit=entropy_maxdepth=None_minsamplessplit=15_minsamplesleaf=10_maxfeatures=sqrt,0.8066783831282952,0.8181818181818182,0.8662790697674418,0.6313559322033898,0.730392156862745
decisiontree,crit=entropy_maxdepth=None_minsamplessplit=15_minsamplesleaf=10_maxfeatures=log2,0.8066783831282952,0.8181818181818182,0.8662790697674418,0.6313559322033898,0.730392156862745
decisiontree,crit=entropy_maxdepth=None_minsamplessplit=15_minsamplesleaf=10_maxfeatures=3,0.8400702987697716,0.7762237762237763,0.8606965174129353,0.7330508474576272,0.7917620137299771
decisiontree,crit=entropy_maxdepth=None_minsamplessplit=15_minsamplesleaf=20_maxfeatures=None,0.820738137082601,0.7832167832167832,0.845360824742268,0.6949152542372882,0.7627906976744186
decisiontree,crit=entropy_maxdepth=None_minsamplessplit=15_minsamplesleaf=20_maxfeatures=auto,0.7996485061511424,0.7272727272727273,0.805,0.6822033898305084,0.7385321100917431
decisiontree,crit=entropy_maxdepth=None_minsamplessplit=15_minsamplesleaf=20_maxfeatures=sqrt,0.7996485061511424,0.7272727272727273,0.805,0.6822033898305084,0.7385321100917431
decisiontree,crit=entropy_maxdepth=None_minsamplessplit=15_minsamplesleaf=20_maxfeatures=log2,0.7996485061511424,0.7272727272727273,0.805,0.6822033898305084,0.7385321100917431
decisiontree,crit=entropy_maxdepth=None_minsamplessplit=15_minsamplesleaf=20_maxfeatures=3,0.7978910369068541,0.7902097902097902,0.8853503184713376,0.5889830508474576,0.7073791348600509
decisiontree,crit=entropy_maxdepth=2_minsamplessplit=2_minsamplesleaf=1_maxfeatures=None,0.7750439367311072,0.7692307692307693,0.7872340425531915,0.6271186440677966,0.6981132075471698
decisiontree,crit=entropy_maxdepth=2_minsamplessplit=2_minsamplesleaf=1_maxfeatures=auto,0.7750439367311072,0.7692307692307693,0.7872340425531915,0.6271186440677966,0.6981132075471698
decisiontree,crit=entropy_maxdepth=2_minsamplessplit=2_minsamplesleaf=1_maxfeatures=sqrt,0.7750439367311072,0.7692307692307693,0.7872340425531915,0.6271186440677966,0.6981132075471698
decisiontree,crit=entropy_maxdepth=2_minsamplessplit=2_minsamplesleaf=1_maxfeatures=log2,0.7750439367311072,0.7692307692307693,0.7872340425531915,0.6271186440677966,0.6981132075471698
decisiontree,crit=entropy_maxdepth=2_minsamplessplit=2_minsamplesleaf=1_maxfeatures=3,0.7750439367311072,0.7692307692307693,0.7872340425531915,0.6271186440677966,0.6981132075471698
decisiontree,crit=entropy_maxdepth=2_minsamplessplit=2_minsamplesleaf=10_maxfeatures=None,0.7750439367311072,0.7692307692307693,0.7872340425531915,0.6271186440677966,0.6981132075471698
decisiontree,crit=entropy_maxdepth=2_minsamplessplit=2_minsamplesleaf=10_maxfeatures=auto,0.7750439367311072,0.7692307692307693,0.7872340425531915,0.6271186440677966,0.6981132075471698
decisiontree,crit=entropy_maxdepth=2_minsamplessplit=2_minsamplesleaf=10_maxfeatures=sqrt,0.7750439367311072,0.7692307692307693,0.7872340425531915,0.6271186440677966,0.6981132075471698
decisiontree,crit=entropy_maxdepth=2_minsamplessplit=2_minsamplesleaf=10_maxfeatures=log2,0.7750439367311072,0.7692307692307693,0.7872340425531915,0.6271186440677966,0.6981132075471698
decisiontree,crit=entropy_maxdepth=2_minsamplessplit=2_minsamplesleaf=10_maxfeatures=3,0.7750439367311072,0.7692307692307693,0.7872340425531915,0.6271186440677966,0.6981132075471698
decisiontree,crit=entropy_maxdepth=2_minsamplessplit=2_minsamplesleaf=20_maxfeatures=None,0.7750439367311072,0.7692307692307693,0.7872340425531915,0.6271186440677966,0.6981132075471698
decisiontree,crit=entropy_maxdepth=2_minsamplessplit=2_minsamplesleaf=20_maxfeatures=auto,0.7750439367311072,0.7692307692307693,0.7872340425531915,0.6271186440677966,0.6981132075471698
decisiontree,crit=entropy_maxdepth=2_minsamplessplit=2_minsamplesleaf=20_maxfeatures=sqrt,0.7750439367311072,0.7692307692307693,0.7872340425531915,0.6271186440677966,0.6981132075471698
decisiontree,crit=entropy_maxdepth=2_minsamplessplit=2_minsamplesleaf=20_maxfeatures=log2,0.7750439367311072,0.7692307692307693,0.7872340425531915,0.6271186440677966,0.6981132075471698
decisiontree,crit=entropy_maxdepth=2_minsamplessplit=2_minsamplesleaf=20_maxfeatures=3,0.7750439367311072,0.7692307692307693,0.7872340425531915,0.6271186440677966,0.6981132075471698
decisiontree,crit=entropy_maxdepth=2_minsamplessplit=10_minsamplesleaf=1_maxfeatures=None,0.7750439367311072,0.7692307692307693,0.7872340425531915,0.6271186440677966,0.6981132075471698
decisiontree,crit=entropy_maxdepth=2_minsamplessplit=10_minsamplesleaf=1_maxfeatures=auto,0.7750439367311072,0.7692307692307693,0.7872340425531915,0.6271186440677966,0.6981132075471698
decisiontree,crit=entropy_maxdepth=2_minsamplessplit=10_minsamplesleaf=1_maxfeatures=sqrt,0.7750439367311072,0.7692307692307693,0.7872340425531915,0.6271186440677966,0.6981132075471698
decisiontree,crit=entropy_maxdepth=2_minsamplessplit=10_minsamplesleaf=1_maxfeatures=log2,0.7750439367311072,0.7692307692307693,0.7872340425531915,0.6271186440677966,0.6981132075471698
decisiontree,crit=entropy_maxdepth=2_minsamplessplit=10_minsamplesleaf=1_maxfeatures=3,0.7750439367311072,0.7692307692307693,0.7872340425531915,0.6271186440677966,0.6981132075471698
decisiontree,crit=entropy_maxdepth=2_minsamplessplit=10_minsamplesleaf=10_maxfeatures=None,0.7750439367311072,0.7692307692307693,0.7872340425531915,0.6271186440677966,0.6981132075471698
decisiontree,crit=entropy_maxdepth=2_minsamplessplit=10_minsamplesleaf=10_maxfeatures=auto,0.7750439367311072,0.7692307692307693,0.7872340425531915,0.6271186440677966,0.6981132075471698
decisiontree,crit=entropy_maxdepth=2_minsamplessplit=10_minsamplesleaf=10_maxfeatures=sqrt,0.7750439367311072,0.7692307692307693,0.7872340425531915,0.6271186440677966,0.6981132075471698
decisiontree,crit=entropy_maxdepth=2_minsamplessplit=10_minsamplesleaf=10_maxfeatures=log2,0.7750439367311072,0.7692307692307693,0.7872340425531915,0.6271186440677966,0.6981132075471698
decisiontree,crit=entropy_maxdepth=2_minsamplessplit=10_minsamplesleaf=10_maxfeatures=3,0.7750439367311072,0.7692307692307693,0.7872340425531915,0.6271186440677966,0.6981132075471698
decisiontree,crit=entropy_maxdepth=2_minsamplessplit=10_minsamplesleaf=20_maxfeatures=None,0.7750439367311072,0.7692307692307693,0.7872340425531915,0.6271186440677966,0.6981132075471698
decisiontree,crit=entropy_maxdepth=2_minsamplessplit=10_minsamplesleaf=20_maxfeatures=auto,0.7750439367311072,0.7692307692307693,0.7872340425531915,0.6271186440677966,0.6981132075471698
decisiontree,crit=entropy_maxdepth=2_minsamplessplit=10_minsamplesleaf=20_maxfeatures=sqrt,0.7750439367311072,0.7692307692307693,0.7872340425531915,0.6271186440677966,0.6981132075471698
decisiontree,crit=entropy_maxdepth=2_minsamplessplit=10_minsamplesleaf=20_maxfeatures=log2,0.7750439367311072,0.7692307692307693,0.7872340425531915,0.6271186440677966,0.6981132075471698
decisiontree,crit=entropy_maxdepth=2_minsamplessplit=10_minsamplesleaf=20_maxfeatures=3,0.7750439367311072,0.7692307692307693,0.7872340425531915,0.6271186440677966,0.6981132075471698
decisiontree,crit=entropy_maxdepth=2_minsamplessplit=15_minsamplesleaf=1_maxfeatures=None,0.7750439367311072,0.7692307692307693,0.7872340425531915,0.6271186440677966,0.6981132075471698
decisiontree,crit=entropy_maxdepth=2_minsamplessplit=15_minsamplesleaf=1_maxfeatures=auto,0.7750439367311072,0.7692307692307693,0.7872340425531915,0.6271186440677966,0.6981132075471698
decisiontree,crit=entropy_maxdepth=2_minsamplessplit=15_minsamplesleaf=1_maxfeatures=sqrt,0.7750439367311072,0.7692307692307693,0.7872340425531915,0.6271186440677966,0.6981132075471698
decisiontree,crit=entropy_maxdepth=2_minsamplessplit=15_minsamplesleaf=1_maxfeatures=log2,0.7750439367311072,0.7692307692307693,0.7872340425531915,0.6271186440677966,0.6981132075471698
decisiontree,crit=entropy_maxdepth=2_minsamplessplit=15_minsamplesleaf=1_maxfeatures=3,0.7750439367311072,0.7692307692307693,0.7872340425531915,0.6271186440677966,0.6981132075471698
decisiontree,crit=entropy_maxdepth=2_minsamplessplit=15_minsamplesleaf=10_maxfeatures=None,0.7750439367311072,0.7692307692307693,0.7872340425531915,0.6271186440677966,0.6981132075471698
decisiontree,crit=entropy_maxdepth=2_minsamplessplit=15_minsamplesleaf=10_maxfeatures=auto,0.7750439367311072,0.7692307692307693,0.7872340425531915,0.6271186440677966,0.6981132075471698
decisiontree,crit=entropy_maxdepth=2_minsamplessplit=15_minsamplesleaf=10_maxfeatures=sqrt,0.7750439367311072,0.7692307692307693,0.7872340425531915,0.6271186440677966,0.6981132075471698
decisiontree,crit=entropy_maxdepth=2_minsamplessplit=15_minsamplesleaf=10_maxfeatures=log2,0.7750439367311072,0.7692307692307693,0.7872340425531915,0.6271186440677966,0.6981132075471698
decisiontree,crit=entropy_maxdepth=2_minsamplessplit=15_minsamplesleaf=10_maxfeatures=3,0.7750439367311072,0.7692307692307693,0.7872340425531915,0.6271186440677966,0.6981132075471698
decisiontree,crit=entropy_maxdepth=2_minsamplessplit=15_minsamplesleaf=20_maxfeatures=None,0.7750439367311072,0.7692307692307693,0.7872340425531915,0.6271186440677966,0.6981132075471698
decisiontree,crit=entropy_maxdepth=2_minsamplessplit=15_minsamplesleaf=20_maxfeatures=auto,0.7750439367311072,0.7692307692307693,0.7872340425531915,0.6271186440677966,0.6981132075471698
decisiontree,crit=entropy_maxdepth=2_minsamplessplit=15_minsamplesleaf=20_maxfeatures=sqrt,0.7750439367311072,0.7692307692307693,0.7872340425531915,0.6271186440677966,0.6981132075471698
decisiontree,crit=entropy_maxdepth=2_minsamplessplit=15_minsamplesleaf=20_maxfeatures=log2,0.7750439367311072,0.7692307692307693,0.7872340425531915,0.6271186440677966,0.6981132075471698
decisiontree,crit=entropy_maxdepth=2_minsamplessplit=15_minsamplesleaf=20_maxfeatures=3,0.7750439367311072,0.7692307692307693,0.7872340425531915,0.6271186440677966,0.6981132075471698
decisiontree,crit=entropy_maxdepth=3_minsamplessplit=2_minsamplesleaf=1_maxfeatures=None,0.7978910369068541,0.7692307692307693,0.8457142857142858,0.6271186440677966,0.7201946472019465
decisiontree,crit=entropy_maxdepth=3_minsamplessplit=2_minsamplesleaf=1_maxfeatures=auto,0.7750439367311072,0.7692307692307693,0.7872340425531915,0.6271186440677966,0.6981132075471698
decisiontree,crit=entropy_maxdepth=3_minsamplessplit=2_minsamplesleaf=1_maxfeatures=sqrt,0.7750439367311072,0.7692307692307693,0.7872340425531915,0.6271186440677966,0.6981132075471698
decisiontree,crit=entropy_maxdepth=3_minsamplessplit=2_minsamplesleaf=1_maxfeatures=log2,0.7750439367311072,0.7692307692307693,0.7872340425531915,0.6271186440677966,0.6981132075471698
decisiontree,crit=entropy_maxdepth=3_minsamplessplit=2_minsamplesleaf=1_maxfeatures=3,0.8172231985940246,0.7972027972027972,0.8084112149532711,0.7330508474576272,0.768888888888889
decisiontree,crit=entropy_maxdepth=3_minsamplessplit=2_minsamplesleaf=10_maxfeatures=None,0.7943760984182777,0.7902097902097902,0.8361581920903954,0.6271186440677966,0.7167070217917675
decisiontree,crit=entropy_maxdepth=3_minsamplessplit=2_minsamplesleaf=10_maxfeatures=auto,0.7750439367311072,0.7692307692307693,0.7872340425531915,0.6271186440677966,0.6981132075471698
decisiontree,crit=entropy_maxdepth=3_minsamplessplit=2_minsamplesleaf=10_maxfeatures=sqrt,0.7750439367311072,0.7692307692307693,0.7872340425531915,0.6271186440677966,0.6981132075471698
decisiontree,crit=entropy_maxdepth=3_minsamplessplit=2_minsamplesleaf=10_maxfeatures=log2,0.7750439367311072,0.7692307692307693,0.7872340425531915,0.6271186440677966,0.6981132075471698
decisiontree,crit=entropy_maxdepth=3_minsamplessplit=2_minsamplesleaf=10_maxfeatures=3,0.8172231985940246,0.7972027972027972,0.8084112149532711,0.7330508474576272,0.768888888888889
decisiontree,crit=entropy_maxdepth=3_minsamplessplit=2_minsamplesleaf=20_maxfeatures=None,0.7978910369068541,0.7902097902097902,0.8853503184713376,0.5889830508474576,0.7073791348600509
decisiontree,crit=entropy_maxdepth=3_minsamplessplit=2_minsamplesleaf=20_maxfeatures=auto,0.7750439367311072,0.7692307692307693,0.7872340425531915,0.6271186440677966,0.6981132075471698
decisiontree,crit=entropy_maxdepth=3_minsamplessplit=2_minsamplesleaf=20_maxfeatures=sqrt,0.7750439367311072,0.7692307692307693,0.7872340425531915,0.6271186440677966,0.6981132075471698
decisiontree,crit=entropy_maxdepth=3_minsamplessplit=2_minsamplesleaf=20_maxfeatures=log2,0.7750439367311072,0.7692307692307693,0.7872340425531915,0.6271186440677966,0.6981132075471698
decisiontree,crit=entropy_maxdepth=3_minsamplessplit=2_minsamplesleaf=20_maxfeatures=3,0.8172231985940246,0.7972027972027972,0.8084112149532711,0.7330508474576272,0.768888888888889
decisiontree,crit=entropy_maxdepth=3_minsamplessplit=10_minsamplesleaf=1_maxfeatures=None,0.7978910369068541,0.7692307692307693,0.8457142857142858,0.6271186440677966,0.7201946472019465
decisiontree,crit=entropy_maxdepth=3_minsamplessplit=10_minsamplesleaf=1_maxfeatures=auto,0.7750439367311072,0.7692307692307693,0.7872340425531915,0.6271186440677966,0.6981132075471698
decisiontree,crit=entropy_maxdepth=3_minsamplessplit=10_minsamplesleaf=1_maxfeatures=sqrt,0.7750439367311072,0.7692307692307693,0.7872340425531915,0.6271186440677966,0.6981132075471698
decisiontree,crit=entropy_maxdepth=3_minsamplessplit=10_minsamplesleaf=1_maxfeatures=log2,0.7750439367311072,0.7692307692307693,0.7872340425531915,0.6271186440677966,0.6981132075471698
decisiontree,crit=entropy_maxdepth=3_minsamplessplit=10_minsamplesleaf=1_maxfeatures=3,0.8172231985940246,0.7972027972027972,0.8084112149532711,0.7330508474576272,0.768888888888889
decisiontree,crit=entropy_maxdepth=3_minsamplessplit=10_minsamplesleaf=10_maxfeatures=None,0.7943760984182777,0.7902097902097902,0.8361581920903954,0.6271186440677966,0.7167070217917675
decisiontree,crit=entropy_maxdepth=3_minsamplessplit=10_minsamplesleaf=10_maxfeatures=auto,0.7750439367311072,0.7692307692307693,0.7872340425531915,0.6271186440677966,0.6981132075471698
decisiontree,crit=entropy_maxdepth=3_minsamplessplit=10_minsamplesleaf=10_maxfeatures=sqrt,0.7750439367311072,0.7692307692307693,0.7872340425531915,0.6271186440677966,0.6981132075471698
decisiontree,crit=entropy_maxdepth=3_minsamplessplit=10_minsamplesleaf=10_maxfeatures=log2,0.7750439367311072,0.7692307692307693,0.7872340425531915,0.6271186440677966,0.6981132075471698
decisiontree,crit=entropy_maxdepth=3_minsamplessplit=10_minsamplesleaf=10_maxfeatures=3,0.8172231985940246,0.7972027972027972,0.8084112149532711,0.7330508474576272,0.768888888888889
decisiontree,crit=entropy_maxdepth=3_minsamplessplit=10_minsamplesleaf=20_maxfeatures=None,0.7978910369068541,0.7902097902097902,0.8853503184713376,0.5889830508474576,0.7073791348600509
decisiontree,crit=entropy_maxdepth=3_minsamplessplit=10_minsamplesleaf=20_maxfeatures=auto,0.7750439367311072,0.7692307692307693,0.7872340425531915,0.6271186440677966,0.6981132075471698
decisiontree,crit=entropy_maxdepth=3_minsamplessplit=10_minsamplesleaf=20_maxfeatures=sqrt,0.7750439367311072,0.7692307692307693,0.7872340425531915,0.6271186440677966,0.6981132075471698
decisiontree,crit=entropy_maxdepth=3_minsamplessplit=10_minsamplesleaf=20_maxfeatures=log2,0.7750439367311072,0.7692307692307693,0.7872340425531915,0.6271186440677966,0.6981132075471698
decisiontree,crit=entropy_maxdepth=3_minsamplessplit=10_minsamplesleaf=20_maxfeatures=3,0.8172231985940246,0.7972027972027972,0.8084112149532711,0.7330508474576272,0.768888888888889
decisiontree,crit=entropy_maxdepth=3_minsamplessplit=15_minsamplesleaf=1_maxfeatures=None,0.7978910369068541,0.7692307692307693,0.8457142857142858,0.6271186440677966,0.7201946472019465
decisiontree,crit=entropy_maxdepth=3_minsamplessplit=15_minsamplesleaf=1_maxfeatures=auto,0.7750439367311072,0.7692307692307693,0.7872340425531915,0.6271186440677966,0.6981132075471698
decisiontree,crit=entropy_maxdepth=3_minsamplessplit=15_minsamplesleaf=1_maxfeatures=sqrt,0.7750439367311072,0.7692307692307693,0.7872340425531915,0.6271186440677966,0.6981132075471698
decisiontree,crit=entropy_maxdepth=3_minsamplessplit=15_minsamplesleaf=1_maxfeatures=log2,0.7750439367311072,0.7692307692307693,0.7872340425531915,0.6271186440677966,0.6981132075471698
decisiontree,crit=entropy_maxdepth=3_minsamplessplit=15_minsamplesleaf=1_maxfeatures=3,0.8172231985940246,0.7972027972027972,0.8084112149532711,0.7330508474576272,0.768888888888889
decisiontree,crit=entropy_maxdepth=3_minsamplessplit=15_minsamplesleaf=10_maxfeatures=None,0.7943760984182777,0.7902097902097902,0.8361581920903954,0.6271186440677966,0.7167070217917675
decisiontree,crit=entropy_maxdepth=3_minsamplessplit=15_minsamplesleaf=10_maxfeatures=auto,0.7750439367311072,0.7692307692307693,0.7872340425531915,0.6271186440677966,0.6981132075471698
decisiontree,crit=entropy_maxdepth=3_minsamplessplit=15_minsamplesleaf=10_maxfeatures=sqrt,0.7750439367311072,0.7692307692307693,0.7872340425531915,0.6271186440677966,0.6981132075471698
decisiontree,crit=entropy_maxdepth=3_minsamplessplit=15_minsamplesleaf=10_maxfeatures=log2,0.7750439367311072,0.7692307692307693,0.7872340425531915,0.6271186440677966,0.6981132075471698
decisiontree,crit=entropy_maxdepth=3_minsamplessplit=15_minsamplesleaf=10_maxfeatures=3,0.8172231985940246,0.7972027972027972,0.8084112149532711,0.7330508474576272,0.768888888888889
decisiontree,crit=entropy_maxdepth=3_minsamplessplit=15_minsamplesleaf=20_maxfeatures=None,0.7978910369068541,0.7902097902097902,0.8853503184713376,0.5889830508474576,0.7073791348600509
decisiontree,crit=entropy_maxdepth=3_minsamplessplit=15_minsamplesleaf=20_maxfeatures=auto,0.7750439367311072,0.7692307692307693,0.7872340425531915,0.6271186440677966,0.6981132075471698
decisiontree,crit=entropy_maxdepth=3_minsamplessplit=15_minsamplesleaf=20_maxfeatures=sqrt,0.7750439367311072,0.7692307692307693,0.7872340425531915,0.6271186440677966,0.6981132075471698
decisiontree,crit=entropy_maxdepth=3_minsamplessplit=15_minsamplesleaf=20_maxfeatures=log2,0.7750439367311072,0.7692307692307693,0.7872340425531915,0.6271186440677966,0.6981132075471698
decisiontree,crit=entropy_maxdepth=3_minsamplessplit=15_minsamplesleaf=20_maxfeatures=3,0.8172231985940246,0.7972027972027972,0.8084112149532711,0.7330508474576272,0.768888888888889
svc,C=0.1_kernel=linear_shrinking=True,0.8224956063268892,0.7902097902097902,0.75,0.7230769230769231,0.7362924281984333
svc,C=0.1_kernel=linear_shrinking=False,0.8224956063268892,0.7902097902097902,0.75,0.7230769230769231,0.7362924281984333
svc,C=0.1_kernel=poly_shrinking=True,0.7012302284710018,0.6293706293706294,0.9629629629629629,0.13333333333333333,0.2342342342342342
svc,C=0.1_kernel=poly_shrinking=False,0.7012302284710018,0.6293706293706294,0.9629629629629629,0.13333333333333333,0.2342342342342342
svc,C=0.1_kernel=rbf_shrinking=True,0.8400702987697716,0.7762237762237763,0.8132530120481928,0.6923076923076923,0.7479224376731302
svc,C=0.1_kernel=rbf_shrinking=False,0.8400702987697716,0.7762237762237763,0.8132530120481928,0.6923076923076923,0.7479224376731302
svc,C=0.1_kernel=sigmoid_shrinking=True,0.7082601054481547,0.7132867132867133,0.6218487394957983,0.37948717948717947,0.4713375796178344
svc,C=0.1_kernel=sigmoid_shrinking=False,0.7082601054481547,0.7132867132867133,0.6218487394957983,0.37948717948717947,0.4713375796178344
svc,C=0.5_kernel=linear_shrinking=True,0.8224956063268892,0.7902097902097902,0.75,0.7230769230769231,0.7362924281984333
svc,C=0.5_kernel=linear_shrinking=False,0.8224956063268892,0.7902097902097902,0.75,0.7230769230769231,0.7362924281984333
svc,C=0.5_kernel=poly_shrinking=True,0.8664323374340949,0.8041958041958042,0.825136612021858,0.7743589743589744,0.798941798941799
svc,C=0.5_kernel=poly_shrinking=False,0.8664323374340949,0.8041958041958042,0.825136612021858,0.7743589743589744,0.798941798941799
svc,C=0.5_kernel=rbf_shrinking=True,0.8664323374340949,0.7902097902097902,0.8287292817679558,0.7692307692307693,0.7978723404255319
svc,C=0.5_kernel=rbf_shrinking=False,0.8664323374340949,0.7902097902097902,0.8287292817679558,0.7692307692307693,0.7978723404255319
svc,C=0.5_kernel=sigmoid_shrinking=True,0.6414762741652021,0.6223776223776224,0.47368421052631576,0.4153846153846154,0.4426229508196722
svc,C=0.5_kernel=sigmoid_shrinking=False,0.6414762741652021,0.6223776223776224,0.47368421052631576,0.4153846153846154,0.4426229508196722
svc,C=1_kernel=linear_shrinking=True,0.8224956063268892,0.7902097902097902,0.75,0.7230769230769231,0.7362924281984333
svc,C=1_kernel=linear_shrinking=False,0.8224956063268892,0.7902097902097902,0.75,0.7230769230769231,0.7362924281984333
svc,C=1_kernel=poly_shrinking=True,0.8664323374340949,0.8041958041958042,0.825136612021858,0.7743589743589744,0.798941798941799
svc,C=1_kernel=poly_shrinking=False,0.8664323374340949,0.8041958041958042,0.825136612021858,0.7743589743589744,0.798941798941799
svc,C=1_kernel=rbf_shrinking=True,0.8646748681898067,0.7832167832167832,0.8277777777777777,0.764102564102564,0.7946666666666665
svc,C=1_kernel=rbf_shrinking=False,0.8646748681898067,0.7832167832167832,0.8277777777777777,0.764102564102564,0.7946666666666665
svc,C=1_kernel=sigmoid_shrinking=True,0.6045694200351494,0.6013986013986014,0.422680412371134,0.4205128205128205,0.42159383033419023
svc,C=1_kernel=sigmoid_shrinking=False,0.6045694200351494,0.6013986013986014,0.422680412371134,0.4205128205128205,0.42159383033419023
svc,C=2_kernel=linear_shrinking=True,0.8224956063268892,0.7902097902097902,0.75,0.7230769230769231,0.7362924281984333
svc,C=2_kernel=linear_shrinking=False,0.8224956063268892,0.7902097902097902,0.75,0.7230769230769231,0.7362924281984333
svc,C=2_kernel=poly_shrinking=True,0.8646748681898067,0.8041958041958042,0.8206521739130435,0.7743589743589744,0.7968337730870714
svc,C=2_kernel=poly_shrinking=False,0.8646748681898067,0.8041958041958042,0.8206521739130435,0.7743589743589744,0.7968337730870714
svc,C=2_kernel=rbf_shrinking=True,0.8646748681898067,0.7832167832167832,0.8277777777777777,0.764102564102564,0.7946666666666665
svc,C=2_kernel=rbf_shrinking=False,0.8646748681898067,0.7832167832167832,0.8277777777777777,0.764102564102564,0.7946666666666665
svc,C=2_kernel=sigmoid_shrinking=True,0.6063268892794376,0.6013986013986014,0.4263959390862944,0.4307692307692308,0.4285714285714286
svc,C=2_kernel=sigmoid_shrinking=False,0.6063268892794376,0.6013986013986014,0.4263959390862944,0.4307692307692308,0.4285714285714286
svc,C=5_kernel=linear_shrinking=True,0.8224956063268892,0.7902097902097902,0.75,0.7230769230769231,0.7362924281984333
svc,C=5_kernel=linear_shrinking=False,0.8224956063268892,0.7902097902097902,0.75,0.7230769230769231,0.7362924281984333
svc,C=5_kernel=poly_shrinking=True,0.8664323374340949,0.8041958041958042,0.825136612021858,0.7743589743589744,0.798941798941799
svc,C=5_kernel=poly_shrinking=False,0.8664323374340949,0.8041958041958042,0.825136612021858,0.7743589743589744,0.798941798941799
svc,C=5_kernel=rbf_shrinking=True,0.8734622144112478,0.7902097902097902,0.863905325443787,0.7487179487179487,0.8021978021978022
svc,C=5_kernel=rbf_shrinking=False,0.8734622144112478,0.7902097902097902,0.863905325443787,0.7487179487179487,0.8021978021978022
svc,C=5_kernel=sigmoid_shrinking=True,0.6098418277680141,0.5944055944055944,0.4293193717277487,0.4205128205128205,0.42487046632124353
svc,C=5_kernel=sigmoid_shrinking=False,0.6098418277680141,0.5944055944055944,0.4293193717277487,0.4205128205128205,0.42487046632124353
svc,C=10_kernel=linear_shrinking=True,0.8224956063268892,0.7902097902097902,0.75,0.7230769230769231,0.7362924281984333
svc,C=10_kernel=linear_shrinking=False,0.8224956063268892,0.7902097902097902,0.75,0.7230769230769231,0.7362924281984333
svc,C=10_kernel=poly_shrinking=True,0.8734622144112478,0.7972027972027972,0.8435754189944135,0.7743589743589744,0.8074866310160429
svc,C=10_kernel=poly_shrinking=False,0.8734622144112478,0.7972027972027972,0.8435754189944135,0.7743589743589744,0.8074866310160429
svc,C=10_kernel=rbf_shrinking=True,0.8804920913884007,0.7762237762237763,0.8713450292397661,0.764102564102564,0.8142076502732241
svc,C=10_kernel=rbf_shrinking=False,0.8804920913884007,0.7762237762237763,0.8713450292397661,0.764102564102564,0.8142076502732241
svc,C=10_kernel=sigmoid_shrinking=True,0.6115992970123023,0.6013986013986014,0.4329896907216495,0.4307692307692308,0.4318766066838046
svc,C=10_kernel=sigmoid_shrinking=False,0.6115992970123023,0.6013986013986014,0.4329896907216495,0.4307692307692308,0.4318766066838046
naivebayes,,0.7627416520210897,0.7132867132867133,0.7653631284916201,0.5956521739130435,0.6699266503667481
logreg,isL2=True_alpha=0_epochs=100_lr=0.1_batch_size=32,0.7820738137082601,0.7972027972027972,0.7333333333333333,0.6936936936936937,0.7129629629629628
logreg,isL2=True_alpha=0_epochs=100_lr=0.1_batch_size=64,0.8031634446397188,0.8041958041958042,0.7546296296296297,0.7342342342342343,0.7442922374429225
logreg,isL2=True_alpha=0_epochs=100_lr=1e-06_batch_size=32,0.37258347978910367,0.4125874125874126,0.37924865831842575,0.954954954954955,0.5428937259923174
logreg,isL2=True_alpha=0_epochs=100_lr=1e-06_batch_size=64,0.37258347978910367,0.4125874125874126,0.37924865831842575,0.954954954954955,0.5428937259923174
logreg,isL2=True_alpha=0_epochs=100_lr=0.01_batch_size=32,0.7926186291739895,0.7972027972027972,0.9126984126984127,0.5180180180180181,0.6609195402298851
logreg,isL2=True_alpha=0_epochs=100_lr=0.01_batch_size=64,0.7135325131810193,0.7202797202797203,0.672514619883041,0.5180180180180181,0.5852417302798982
logreg,isL2=True_alpha=0_epochs=500_lr=0.1_batch_size=32,0.7803163444639719,0.8041958041958042,0.7298578199052133,0.6936936936936937,0.7113163972286374
logreg,isL2=True_alpha=0_epochs=500_lr=0.1_batch_size=64,0.7996485061511424,0.8041958041958042,0.7454545454545455,0.7387387387387387,0.7420814479638009
logreg,isL2=True_alpha=0_epochs=500_lr=1e-06_batch_size=32,0.37258347978910367,0.4125874125874126,0.37924865831842575,0.954954954954955,0.5428937259923174
logreg,isL2=True_alpha=0_epochs=500_lr=1e-06_batch_size=64,0.37258347978910367,0.4125874125874126,0.37924865831842575,0.954954954954955,0.5428937259923174
logreg,isL2=True_alpha=0_epochs=500_lr=0.01_batch_size=32,0.7978910369068541,0.7972027972027972,0.7559808612440191,0.7117117117117117,0.7331786542923432
logreg,isL2=True_alpha=0_epochs=500_lr=0.01_batch_size=64,0.7803163444639719,0.7622377622377622,0.7566137566137566,0.6441441441441441,0.6958637469586375
logreg,isL2=True_alpha=0.1_epochs=100_lr=0.1_batch_size=32,0.7082601054481547,0.7062937062937062,0.868421052631579,0.2972972972972973,0.4429530201342282
logreg,isL2=True_alpha=0.1_epochs=100_lr=0.1_batch_size=64,0.7381370826010545,0.7202797202797203,0.8924731182795699,0.3738738738738739,0.526984126984127
logreg,isL2=True_alpha=0.1_epochs=100_lr=1e-06_batch_size=32,0.37258347978910367,0.4125874125874126,0.37924865831842575,0.954954954954955,0.5428937259923174
logreg,isL2=True_alpha=0.1_epochs=100_lr=1e-06_batch_size=64,0.37258347978910367,0.4125874125874126,0.37924865831842575,0.954954954954955,0.5428937259923174
logreg,isL2=True_alpha=0.1_epochs=100_lr=0.01_batch_size=32,0.718804920913884,0.6993006993006993,0.8780487804878049,0.32432432432432434,0.4736842105263158
logreg,isL2=True_alpha=0.1_epochs=100_lr=0.01_batch_size=64,0.7574692442882249,0.7342657342657343,0.9038461538461539,0.42342342342342343,0.5766871165644172
logreg,isL2=True_alpha=0.1_epochs=500_lr=0.1_batch_size=32,0.7082601054481547,0.7062937062937062,0.868421052631579,0.2972972972972973,0.4429530201342282
logreg,isL2=True_alpha=0.1_epochs=500_lr=0.1_batch_size=64,0.7381370826010545,0.7202797202797203,0.8924731182795699,0.3738738738738739,0.526984126984127
logreg,isL2=True_alpha=0.1_epochs=500_lr=1e-06_batch_size=32,0.37258347978910367,0.4125874125874126,0.37924865831842575,0.954954954954955,0.5428937259923174
logreg,isL2=True_alpha=0.1_epochs=500_lr=1e-06_batch_size=64,0.37258347978910367,0.4125874125874126,0.37924865831842575,0.954954954954955,0.5428937259923174
logreg,isL2=True_alpha=0.1_epochs=500_lr=0.01_batch_size=32,0.7240773286467487,0.6993006993006993,0.8823529411764706,0.33783783783783783,0.48859934853420195
logreg,isL2=True_alpha=0.1_epochs=500_lr=0.01_batch_size=64,0.7311072056239016,0.7132867132867133,0.8876404494382022,0.35585585585585583,0.5080385852090032
logreg,isL2=True_alpha=1_epochs=100_lr=0.1_batch_size=32,0.6256590509666081,0.5944055944055944,1.0,0.04054054054054054,0.07792207792207792
logreg,isL2=True_alpha=1_epochs=100_lr=0.1_batch_size=64,0.6362038664323374,0.6083916083916084,0.8571428571428571,0.08108108108108109,0.14814814814814817
logreg,isL2=True_alpha=1_epochs=100_lr=1e-06_batch_size=32,0.37258347978910367,0.4125874125874126,0.37924865831842575,0.954954954954955,0.5428937259923174
logreg,isL2=True_alpha=1_epochs=100_lr=1e-06_batch_size=64,0.37258347978910367,0.4125874125874126,0.37924865831842575,0.954954954954955,0.5428937259923174
logreg,isL2=True_alpha=1_epochs=100_lr=0.01_batch_size=32,0.6274165202108963,0.5944055944055944,0.8125,0.05855855855855856,0.1092436974789916
logreg,isL2=True_alpha=1_epochs=100_lr=0.01_batch_size=64,0.6397188049209139,0.6013986013986014,0.8695652173913043,0.09009009009009009,0.16326530612244897
logreg,isL2=True_alpha=1_epochs=500_lr=0.1_batch_size=32,0.6256590509666081,0.5944055944055944,1.0,0.04054054054054054,0.07792207792207792
logreg,isL2=True_alpha=1_epochs=500_lr=0.1_batch_size=64,0.6362038664323374,0.6083916083916084,0.8571428571428571,0.08108108108108109,0.14814814814814817
logreg,isL2=True_alpha=1_epochs=500_lr=1e-06_batch_size=32,0.37258347978910367,0.4125874125874126,0.37924865831842575,0.954954954954955,0.5428937259923174
logreg,isL2=True_alpha=1_epochs=500_lr=1e-06_batch_size=64,0.37258347978910367,0.4125874125874126,0.37924865831842575,0.954954954954955,0.5428937259923174
logreg,isL2=True_alpha=1_epochs=500_lr=0.01_batch_size=32,0.6274165202108963,0.5944055944055944,0.8125,0.05855855855855856,0.1092436974789916
logreg,isL2=True_alpha=1_epochs=500_lr=0.01_batch_size=64,0.6397188049209139,0.6013986013986014,0.8695652173913043,0.09009009009009009,0.16326530612244897
logreg,isL2=False_alpha=0_epochs=100_lr=0.1_batch_size=32,0.7820738137082601,0.7972027972027972,0.7333333333333333,0.6936936936936937,0.7129629629629628
logreg,isL2=False_alpha=0_epochs=100_lr=0.1_batch_size=64,0.8031634446397188,0.8041958041958042,0.7546296296296297,0.7342342342342343,0.7442922374429225
logreg,isL2=False_alpha=0_epochs=100_lr=1e-06_batch_size=32,0.37258347978910367,0.4125874125874126,0.37924865831842575,0.954954954954955,0.5428937259923174
logreg,isL2=False_alpha=0_epochs=100_lr=1e-06_batch_size=64,0.37258347978910367,0.4125874125874126,0.37924865831842575,0.954954954954955,0.5428937259923174
logreg,isL2=False_alpha=0_epochs=100_lr=0.01_batch_size=32,0.7926186291739895,0.7972027972027972,0.9126984126984127,0.5180180180180181,0.6609195402298851
logreg,isL2=False_alpha=0_epochs=100_lr=0.01_batch_size=64,0.7135325131810193,0.7202797202797203,0.672514619883041,0.5180180180180181,0.5852417302798982
logreg,isL2=False_alpha=0_epochs=500_lr=0.1_batch_size=32,0.7803163444639719,0.8041958041958042,0.7298578199052133,0.6936936936936937,0.7113163972286374
logreg,isL2=False_alpha=0_epochs=500_lr=0.1_batch_size=64,0.7996485061511424,0.8041958041958042,0.7454545454545455,0.7387387387387387,0.7420814479638009
logreg,isL2=False_alpha=0_epochs=500_lr=1e-06_batch_size=32,0.37258347978910367,0.4125874125874126,0.37924865831842575,0.954954954954955,0.5428937259923174
logreg,isL2=False_alpha=0_epochs=500_lr=1e-06_batch_size=64,0.37258347978910367,0.4125874125874126,0.37924865831842575,0.954954954954955,0.5428937259923174
logreg,isL2=False_alpha=0_epochs=500_lr=0.01_batch_size=32,0.7978910369068541,0.7972027972027972,0.7559808612440191,0.7117117117117117,0.7331786542923432
logreg,isL2=False_alpha=0_epochs=500_lr=0.01_batch_size=64,0.7803163444639719,0.7622377622377622,0.7566137566137566,0.6441441441441441,0.6958637469586375
logreg,isL2=False_alpha=0.1_epochs=100_lr=0.1_batch_size=32,0.648506151142355,0.6223776223776224,0.8666666666666667,0.11711711711711711,0.20634920634920634
logreg,isL2=False_alpha=0.1_epochs=100_lr=0.1_batch_size=64,0.6608084358523726,0.6363636363636364,0.8918918918918919,0.14864864864864866,0.25482625482625487
logreg,isL2=False_alpha=0.1_epochs=100_lr=1e-06_batch_size=32,0.37258347978910367,0.4125874125874126,0.37924865831842575,0.954954954954955,0.5428937259923174
logreg,isL2=False_alpha=0.1_epochs=100_lr=1e-06_batch_size=64,0.37258347978910367,0.4125874125874126,0.37924865831842575,0.954954954954955,0.5428937259923174
logreg,isL2=False_alpha=0.1_epochs=100_lr=0.01_batch_size=32,0.6309314586994728,0.6223776223776224,0.7727272727272727,0.07657657657657657,0.13934426229508196
logreg,isL2=False_alpha=0.1_epochs=100_lr=0.01_batch_size=64,0.7680140597539543,0.7692307692307693,0.8947368421052632,0.4594594594594595,0.6071428571428572
logreg,isL2=False_alpha=0.1_epochs=500_lr=0.1_batch_size=32,0.6239015817223199,0.5944055944055944,1.0,0.036036036036036036,0.06956521739130435
logreg,isL2=False_alpha=0.1_epochs=500_lr=0.1_batch_size=64,0.6203866432337434,0.5944055944055944,1.0,0.02702702702702703,0.052631578947368425
logreg,isL2=False_alpha=0.1_epochs=500_lr=1e-06_batch_size=32,0.37258347978910367,0.4125874125874126,0.37924865831842575,0.954954954954955,0.5428937259923174
logreg,isL2=False_alpha=0.1_epochs=500_lr=1e-06_batch_size=64,0.37258347978910367,0.4125874125874126,0.37924865831842575,0.954954954954955,0.5428937259923174
logreg,isL2=False_alpha=0.1_epochs=500_lr=0.01_batch_size=32,0.6115992970123023,0.5944055944055944,1.0,0.0045045045045045045,0.008968609865470852
logreg,isL2=False_alpha=0.1_epochs=500_lr=0.01_batch_size=64,0.6115992970123023,0.6153846153846154,0.6,0.013513513513513514,0.026431718061674013
logreg,isL2=False_alpha=1_epochs=100_lr=0.1_batch_size=32,0.6590509666080844,0.7062937062937062,0.6458333333333334,0.27927927927927926,0.389937106918239
logreg,isL2=False_alpha=1_epochs=100_lr=0.1_batch_size=64,0.5149384885764499,0.5594405594405595,0.4,0.4864864864864865,0.43902439024390244
logreg,isL2=False_alpha=1_epochs=100_lr=1e-06_batch_size=32,0.37258347978910367,0.4125874125874126,0.37924865831842575,0.954954954954955,0.5428937259923174
logreg,isL2=False_alpha=1_epochs=100_lr=1e-06_batch_size=64,0.37258347978910367,0.4125874125874126,0.37924865831842575,0.954954954954955,0.5428937259923174
logreg,isL2=False_alpha=1_epochs=100_lr=0.01_batch_size=32,0.5869947275922671,0.6083916083916084,0.27586206896551724,0.036036036036036036,0.06374501992031872
logreg,isL2=False_alpha=1_epochs=100_lr=0.01_batch_size=64,0.6344463971880492,0.6013986013986014,0.553030303030303,0.32882882882882886,0.4124293785310735
logreg,isL2=False_alpha=1_epochs=500_lr=0.1_batch_size=32,0.6203866432337434,0.6013986013986014,0.5375,0.19369369369369369,0.28476821192052976
logreg,isL2=False_alpha=1_epochs=500_lr=0.1_batch_size=64,0.5061511423550088,0.5314685314685315,0.4169014084507042,0.6666666666666666,0.512998266897747
logreg,isL2=False_alpha=1_epochs=500_lr=1e-06_batch_size=32,0.37258347978910367,0.4125874125874126,0.37924865831842575,0.954954954954955,0.5428937259923174
logreg,isL2=False_alpha=1_epochs=500_lr=1e-06_batch_size=64,0.37258347978910367,0.4125874125874126,0.37924865831842575,0.954954954954955,0.5428937259923174
logreg,isL2=False_alpha=1_epochs=500_lr=0.01_batch_size=32,0.48857644991212656,0.48951048951048953,0.37454545454545457,0.46396396396396394,0.4144869215291751
logreg,isL2=False_alpha=1_epochs=500_lr=0.01_batch_size=64,0.648506151142355,0.6713286713286714,0.5774647887323944,0.36936936936936937,0.45054945054945056
